lake_name,count,rmse,mae,r2,bias,negative_count
【Li】Lake Xiaoxingkai,66,2.7659291388562752,1.4553745687649535,-1585.186165496496,1.0229386334427852,0.0
