lake_name,count,rmse,mae,r2,bias,negative_count
【Li】Lake Xiaoxingkai,36,1.2200085816584825,0.6359346484079853,-871.4060082523343,-0.11330307605547002,0.0
