count,rmse,mae,r2,bias,negative_count
68,9.106129104621592,3.816185965896265,-17256.236559850066,2.954607168248911,0.0
