{
  "count": 68,
  "rmse": 9.106129104621592,
  "mae": 3.816185965896265,
  "r2": -17256.236559850066,
  "bias": 2.954607168248911,
  "negative_count": 0.0
}