lake_name,count,rmse,mae,r2,bias,negative_count
【Li】Lake Xiaoxingkai,36,0.44215317700258616,0.35144973339305985,-113.58779873559624,-0.24701571671499145,0.0
