lake_name,count,rmse,mae,r2,bias,negative_count
【Li】Lake Xiaoxingkai,36,0.43490211765557624,0.3522016989688079,-109.8602673306237,-0.23134728148579597,0.0
