count,rmse,mae,r2,bias,negative_count
37,0.5032989982005367,0.44161063966590003,-135.02514680047565,-0.23564968066441047,0.0
