{
  "count": 37,
  "rmse": 0.5032989982005367,
  "mae": 0.44161063966590003,
  "r2": -135.02514680047565,
  "bias": -0.23564968066441047,
  "negative_count": 0.0
}