lake_name,count,rmse,mae,r2,bias,negative_count
【Li】Lake Xiaoxingkai,36,0.20613689198903257,0.17402047746711308,-23.906019525439717,-0.07705764141347674,0.0
