lake_name,count,rmse,mae,r2,bias,negative_count
【Li】Lake Xiaoxingkai,36,0.3748482728479149,0.3104614375366105,-81.35764224797185,-0.18070446037583882,0.0
