count,rmse,mae,r2,bias,negative_count
37,0.3967193223694427,0.34167772393242735,-83.5149965976568,-0.20658060364223815,0.0
