{
  "count": 37,
  "rmse": 0.3967193223694427,
  "mae": 0.34167772393242735,
  "r2": -83.5149965976568,
  "bias": -0.20658060364223815,
  "negative_count": 0.0
}