epoch,train_loss,val_loss,val_rmse,val_mae,val_r2,lr
1,0.04353676829487085,1.1828694253018741,1.087598007216763,0.65214479342103,-16.640694469353058,0.0002
