lake_name,count,rmse,mae,r2,bias,negative_count
【Li】Lake Xiaoxingkai,36,1.2341070264808183,0.8373117641959753,-891.6855951159665,0.5539594528058337,0.0
