count,rmse,mae,r2,bias,negative_count
37,1.4855261267330806,0.9913955718256333,-1184.025402588496,0.6580098320745132,0.0
