{
  "count": 37,
  "rmse": 1.4855261267330806,
  "mae": 0.9913955718256333,
  "r2": -1184.025402588496,
  "bias": 0.6580098320745132,
  "negative_count": 0.0
}