lake_name,count,rmse,mae,r2,bias,negative_count
【Li】Lake Xiaoxingkai,66,1.5262572621571813,0.5158235196276364,-481.97821854952446,0.06409450187789278,0.0
