count,rmse,mae,r2,bias,negative_count
68,2.7703919413037683,1.2484452739622376,-1596.2984719117883,0.359846416550027,0.0
