{
  "count": 68,
  "rmse": 2.7703919413037683,
  "mae": 1.2484452739622376,
  "r2": -1596.2984719117883,
  "bias": 0.359846416550027,
  "negative_count": 0.0
}