lake_name,count,rmse,mae,r2,bias,negative_count
【Li】Lake Xiaoxingkai,66,4.144524938405962,0.9580172438661314,-3560.406712587884,0.5260042771097329,0.0
