lake_name,count,rmse,mae,r2,bias,negative_count
【Li】Lake Xiaoxingkai,36,0.2227322159984904,0.2045905681120025,-28.077626428067784,-0.2045905681120025,0.0
