count,rmse,mae,r2,bias,negative_count
37,0.24481906087227426,0.22888985446981477,-31.185297414638363,-0.22888985446981477,0.0
