{
  "count": 37,
  "rmse": 0.24481906087227426,
  "mae": 0.22888985446981477,
  "r2": -31.185297414638363,
  "bias": -0.22888985446981477,
  "negative_count": 0.0
}