lake_name,count,rmse,mae,r2,bias,negative_count
【Li】Lake Xiaoxingkai,36,0.3498993732231852,0.33388116252091193,-70.75946725807782,-0.3185209594666958,0.0
