count,rmse,mae,r2,bias,negative_count
37,0.360895739409416,0.34912435109808637,-68.9407977089869,-0.33417929517256245,0.0
