{
  "count": 37,
  "rmse": 0.360895739409416,
  "mae": 0.34912435109808637,
  "r2": -68.9407977089869,
  "bias": -0.33417929517256245,
  "negative_count": 0.0
}