lake_name,count,rmse,mae,r2,bias,negative_count
【Li】Lake Xiaoxingkai,36,0.14663582132920414,0.13895704017745125,-11.602973669881042,-0.13895704017745125,0.0
