count,rmse,mae,r2,bias,negative_count
37,0.2802719480521748,0.2495729594939464,-41.18191921778089,-0.23747498773239756,0.0
