{
  "count": 37,
  "rmse": 0.2802719480521748,
  "mae": 0.2495729594939464,
  "r2": -41.18191921778089,
  "bias": -0.23747498773239756,
  "negative_count": 0.0
}