lake_name,count,rmse,mae,r2,bias,negative_count
【Li】Lake Xiaoxingkai,36,0.2215994071872799,0.18105502923329672,-27.782602855097693,-0.1335276034143236,0.0
