lake_name,count,rmse,mae,r2,bias,negative_count
【Li】Lake Xiaoxingkai,36,1.1015921912072157,0.5637660477560377,-710.2701356294663,-0.17639142149040582,0.0
