count,rmse,mae,r2,bias,negative_count
37,1.8386383808332196,1.0911659307735342,-1814.3472622082652,0.09016315882421945,0.0
