{
  "count": 37,
  "rmse": 1.8386383808332196,
  "mae": 1.0911659307735342,
  "r2": -1814.3472622082652,
  "bias": 0.09016315882421945,
  "negative_count": 0.0
}