lake_name,count,rmse,mae,r2,bias,negative_count
【Li】Lake Xiaoxingkai,36,0.4776853715514077,0.3886701829679724,-132.74475528196785,-0.2781420383964562,0.0
