lake_name,count,rmse,mae,r2,bias,negative_count
【Li】Lake Xiaoxingkai,36,1.5815812205917639,0.669777805192603,-1465.1414632390308,-0.1388322657181157,0.0
