{
  "count": 68,
  "rmse": 1.4589889624623102,
  "mae": 0.7591906714458416,
  "r2": -442.0040110892141,
  "bias": -0.16846522246999804,
  "negative_count": 0.0
}