count,rmse,mae,r2,bias,negative_count
68,1.4589889624623102,0.7591906714458416,-442.0040110892141,-0.16846522246999804,0.0
