epoch,train_loss,val_loss,val_rmse,val_mae,val_r2,lr
1,0.03561056684702635,0.3910533783531147,0.6253426087778721,0.4848171453922987,-4.55437500259761,0.0002
