lake_name,count,rmse,mae,r2,bias,negative_count
【Li】Lake Xiaoxingkai,66,0.6956275469878965,0.5740301712212386,-99.32879637654507,-0.3940535471514467,0.0
